SET SCHEMA FN72047;

INSERT INTO FN72047.VETERINARY_CLINIC (NAME_VC, ADDRESS_VC) VALUES ('SANTE VITA-KOZLODUY', 'Hristo Botev, str.');
INSERT INTO FN72047.VETERINARY_CLINIC (NAME_VC, ADDRESS_VC) VALUES ('SANTE VITA-VRACA', 'Vasil Levski, str.');

INSERT INTO FN72047.STAFF (NAME_S, PHONE_S, POSITION_S, SALARY, NAME_VETERINARY_CLINIC) VALUES ('Vladimir Yordanov', '0881234567', 'doctor, orthopedist', 5000.00, 'SANTE VITA-VRACA');
INSERT INTO FN72047.STAFF (NAME_S, PHONE_S, POSITION_S, SALARY, NAME_VETERINARY_CLINIC) VALUES ('Ivailo Vasilev', '0881234568', 'doctor', 3000.00, 'SANTE VITA-KOZLODUY');
INSERT INTO FN72047.STAFF (NAME_S, PHONE_S, POSITION_S, SALARY, NAME_VETERINARY_CLINIC) VALUES ('Joseph Elenkov', '0881234569', 'doctor, cardiologist', 4000.00, 'SANTE VITA-KOZLODUY');
INSERT INTO FN72047.STAFF (NAME_S, PHONE_S, POSITION_S, SALARY, NAME_VETERINARY_CLINIC) VALUES ('Valya Mitova', '0881234560', 'receptionist', 1500.00, 'SANTE VITA-VRACA');

INSERT INTO FN72047.OWNER (PHONE_O, NAME_O, REGION, EMAIL) VALUES ('0881234567', 'Vladimir Yordanov', 'Vraca', 'vlad.yor@gmail.com');
INSERT INTO FN72047.OWNER (PHONE_O, NAME_O, REGION, EMAIL) VALUES ('0881234560', 'Valya Mitova', 'Vraca', 'valya123@gmail.com');
INSERT INTO FN72047.OWNER (PHONE_O, NAME_O, REGION, EMAIL) VALUES ('0881234561', 'Ivan Petrov', 'Kozloduy', 'vancho@gmail.com');

INSERT INTO FN72047.PATIENT (NAME_P, PHONE_OWNER, BREED, GENDER, PRESENCE_OF_CASTRATION, AGE_P, WEIGHT, No_MICROCHIP, NAME_VETERINARY_CLINIC) VALUES ('Kai', '0881234567', 'Husky', 'M', 'YES', 11, 29.0, '123456790', 'SANTE VITA-VRACA');
INSERT INTO FN72047.PATIENT (NAME_P, PHONE_OWNER, BREED, GENDER, PRESENCE_OF_CASTRATION, AGE_P, WEIGHT, No_MICROCHIP, NAME_VETERINARY_CLINIC) VALUES ('Bagira', '0881234560', 'European shorthair', 'F', 'YES', 4, 5.1, '012345679', 'SANTE VITA-VRACA');
INSERT INTO FN72047.PATIENT (NAME_P, PHONE_OWNER, BREED, GENDER, PRESENCE_OF_CASTRATION, AGE_P, WEIGHT, No_MICROCHIP, NAME_VETERINARY_CLINIC) VALUES ('Lady', '0881234561', 'Sphinx', 'F', 'NO', 3, 4.2, '012345678', 'SANTE VITA-KOZLODUY');
INSERT INTO FN72047.PATIENT (NAME_P, PHONE_OWNER, BREED, GENDER, PRESENCE_OF_CASTRATION, AGE_P, WEIGHT, No_MICROCHIP, NAME_VETERINARY_CLINIC) VALUES ('Caesar', '0881234561', 'German shepherd', 'M', 'YES', 7, 35.3, '123456789', 'SANTE VITA-KOZLODUY');

INSERT INTO FN72047.MANIPULATIONS(NAME_M, PRICE, TYPE_M, DOCUMENTATION, NAME_PATIENT, PHONE_OWNER) VALUES ('X-ray', 50, 'with anesthesia', '4 photos + disc', 'Kai', '0881234567');
INSERT INTO FN72047.MANIPULATIONS(NAME_M, PRICE, TYPE_M, DOCUMENTATION, NAME_PATIENT, PHONE_OWNER) VALUES ('Grooming', 40, 'with anesthesia', 'without head and tail', 'Bagira', '0881234560');
INSERT INTO FN72047.MANIPULATIONS(NAME_M, PRICE, TYPE_M, DOCUMENTATION, NAME_PATIENT, PHONE_OWNER) VALUES ('Ultrasound', 60, 'without anesthesia', '10 photos + disc', 'Lady', '0881234561');
INSERT INTO FN72047.MANIPULATIONS(NAME_M, PRICE, TYPE_M, DOCUMENTATION, NAME_PATIENT, PHONE_OWNER) VALUES ('Blood tests', 15, 'without anesthesia', 'A + group', 'Caesar', '0881234561');

UPDATE VETERINARY_CLINIC
SET ADDRESS_VC = 'Ivan Vazov str'
WHERE ADDRESS_VC = 'Vasil Levski, str.';

DELETE
FROM STAFF
WHERE SALARY = '1500';
